region,partner,product_category,product_group,year,month,count,lead_weigh,net_revenue_usd
북미,G,AGM,BCI 65,2021,1,480,"6,710","33,580"
북미,G,AGM,BCI 65,2021,2,720,"10,070","51,310"
북미,G,AGM,BCI 65,2021,3,900,"12,580","64,110"
북미,G,AGM,BCI 65,2021,4,270,"3,770","19,470"
북미,G,AGM,BCI 65,2021,6,240,"3,360","17,070"
북미,G,AGM,BCI 65,2021,9,30,420,"2,260"
북미,G,AGM,BCI 65,2021,10,1260,"17,610","96,340"
북미,G,AGM,BCI 65,2021,12,960,"13,420","72,320"
북미,G,AGM,BCI 65,2022,2,120,"1,670","8,990"
북미,G,AGM,BCI 65,2022,3,2220,"30,910","167,160"
북미,G,AGM,BCI 65,2022,4,1500,"20,880","112,250"
북미,G,AGM,BCI 65,2022,5,180,"2,510","13,470"
북미,G,AGM,BCI 65,2022,6,60,840,"4,520"
북미,G,AGM,BCI 65,2022,7,30,420,"2,190"
북미,G,AGM,BCI 65,2022,9,1200,"16,710","84,890"
북미,G,AGM,BCI 65,2022,10,300,"4,180","21,610"
북미,G,AGM,BCI 65,2022,12,930,"12,950","65,930"
북미,G,AGM,BCI 65,2023,1,180,"2,510","13,010"
북미,G,AGM,BCI 65,2023,2,420,"5,850","30,970"
북미,G,AGM,BCI 65,2023,3,900,"12,530","66,300"
북미,G,AGM,BCI 65,2023,5,600,"8,350","43,490"
북미,G,AGM,BCI 65,2023,6,600,"8,350","43,760"
북미,G,AGM,BCI 65,2023,9,2160,"30,070","160,640"
북미,G,AGM,BCI 65,2023,10,2580,"35,920","192,160"
북미,G,AGM,BCI 65,2023,11,1920,"26,730","145,040"
북미,G,AGM,BCI 65,2023,12,510,"7,100","38,120"
북미,G,AGM,BCI 65,2024,1,360,"5,010","27,130"
북미,G,AGM,BCI 65,2024,2,1080,"15,040","79,360"
북미,G,AGM,BCI 65,2024,3,1140,"15,870","84,510"
북미,G,AGM,BCI 65,2024,4,960,"13,370","70,910"
북미,G,AGM,BCI 65,2024,5,300,"4,180","22,100"
북미,G,AGM,BCI 65,2024,6,300,"4,180","22,370"
북미,G,AGM,BCI 65,2024,7,780,"10,860","59,070"
북미,G,AGM,BCI 65,2024,8,1140,"15,890","85,270"
북미,G,AGM,BCI 65,2024,9,120,"1,670","8,920"
북미,G,AGM,BCI 65,2024,10,810,"11,300","59,110"
북미,G,AGM,BCI 65,2024,11,540,"7,530","39,070"
북미,G,AGM,BCI 65,2024,12,1140,"15,900","83,530"
북미,G,AGM,BCI 65,2025,1,1350,"18,830","97,900"
북미,G,AGM,BCI 65,2025,2,300,"4,180","21,860"
북미,G,AGM,BCI 65,2025,3,1260,"17,570","90,640"
북미,G,AGM,BCI 65,2025,4,300,"4,180","21,710"
북미,G,AGM,BCI 65,2025,5,840,"11,720","61,610"
북미,G,AGM,BCI 65,2025,6,1500,"20,920","107,670"
북미,G,AGM,BCI 65,2025,7,900,"12,550","65,040"
북미,G,AGM,BCI 65,2025,8,480,"6,700","34,680"
북미,G,AGM,BCI 65,2025,9,1800,"25,110","130,630"
북미,G,AGM,BCI 65,2025,10,420,"5,860","30,300"
북미,G,AGM,BCI 65,2025,11,180,"2,500","13,010"
북미,G,AGM,BCI 65,2025,12,1380,"19,160","99,970"
북미,G,AGM,C31,2021,1,320,"5,830","32,020"
북미,G,AGM,C31,2021,4,490,"8,740","50,710"
북미,G,AGM,C31,2021,5,320,"5,820","33,090"
북미,G,AGM,C31,2021,6,220,"3,880","22,230"
북미,G,AGM,C31,2021,8,540,"9,660","57,340"
북미,G,AGM,C31,2021,9,650,"11,600","69,100"
북미,G,AGM,C31,2021,10,1780,"31,940","196,860"
북미,G,AGM,C31,2021,11,50,970,"5,800"
북미,G,AGM,C31,2021,12,160,"2,870","17,640"
북미,G,AGM,C31,2022,1,380,"6,740","41,090"
북미,G,AGM,C31,2022,3,490,"8,730","52,820"
북미,G,AGM,C31,2022,4,3350,"59,930","362,190"
북미,G,AGM,C31,2022,5,2700,"48,300","294,950"
북미,G,AGM,C31,2022,6,430,"7,730","47,060"
북미,G,AGM,C31,2022,7,540,"9,690","56,920"
북미,G,AGM,C31,2022,8,50,970,"5,620"
북미,G,AGM,C31,2022,10,220,"3,880","22,510"
북미,G,AGM,C31,2022,12,50,970,"5,540"
북미,G,AGM,C31,2023,1,540,"9,610","56,480"
북미,G,AGM,C31,2023,2,540,"9,680","57,550"
북미,G,AGM,C31,2023,3,760,"13,580","80,540"
북미,G,AGM,C31,2023,4,1080,"19,320","112,950"
북미,G,AGM,C31,2023,5,620,"11,110","65,120"
북미,G,AGM,C31,2023,9,2750,"49,380","296,330"
북미,G,AGM,C31,2023,10,1130,"20,090","123,140"
북미,G,AGM,C31,2023,11,1510,"27,080","166,640"
북미,G,AGM,C31,2023,12,270,"4,830","29,190"
북미,G,AGM,C31,2024,1,270,"4,850","29,430"
북미,G,AGM,C31,2024,2,590,"10,630","63,170"
북미,G,AGM,C31,2024,3,380,"6,770","40,540"
북미,G,AGM,C31,2024,4,50,970,"5,780"
북미,G,AGM,C31,2024,5,380,"6,770","40,280"
북미,G,AGM,C31,2024,6,760,"13,520","81,810"
북미,G,AGM,C31,2024,7,920,"16,450","100,520"
북미,G,AGM,C31,2024,8,760,"13,580","81,790"
북미,G,AGM,C31,2024,11,1300,"23,260","136,960"
북미,G,AGM,C31,2024,12,650,"11,650","68,810"
북미,G,AGM,C31,2025,1,810,"14,510","85,330"
북미,G,AGM,C31,2025,2,460,"8,230","48,400"
북미,G,AGM,C31,2025,3,380,"6,760","39,370"
북미,G,AGM,C31,2025,4,220,"3,850","22,630"
북미,G,AGM,C31,2025,5,810,"14,470","85,980"
북미,G,AGM,C31,2025,7,490,"8,690","50,930"
북미,G,AGM,C31,2025,8,270,"4,830","28,330"
북미,G,AGM,C31,2025,9,760,"13,490","79,620"
북미,G,AGM,C31,2025,10,270,"4,820","28,200"
북미,G,AGM,C31,2025,11,760,"13,470","79,070"
북미,G,AGM,C31,2025,12,1400,"25,060","147,200"
북미,G,AGM,D31(27),2021,2,80,"1,280","7,260"
북미,G,AGM,D31(27),2021,11,30,480,"2,840"
북미,G,AGM,D31(27),2021,12,480,"7,650","46,010"
북미,G,AGM,D31(27),2022,1,180,"2,860","17,150"
북미,G,AGM,D31(27),2022,4,720,"11,440","68,560"
북미,G,AGM,D31(27),2022,6,2880,"45,760","276,220"
북미,G,AGM,D31(27),2022,7,30,480,"2,780"
북미,G,AGM,D31(27),2023,2,300,"4,770","28,150"
북미,G,AGM,D31(27),2023,4,660,"10,490","60,710"
북미,G,AGM,D31(27),2023,5,900,"14,300","83,030"
북미,G,AGM,D31(27),2024,1,60,950,"5,760"
북미,G,AGM,D31(27),2024,3,360,"5,720","33,960"
북미,G,AGM,D31(27),2024,7,480,"7,640","46,260"
북미,G,AGM,D31(27),2024,10,60,960,"5,570"
북미,G,AGM,D31(27),2024,11,60,960,"5,580"
북미,G,AGM,D31(27),2024,12,120,"1,910","11,210"
북미,G,AGM,D31(27),2025,1,300,"4,780","27,790"
북미,G,AGM,D31(27),2025,2,180,"2,870","16,690"
북미,G,AGM,D31(27),2025,3,60,950,"5,490"
북미,G,AGM,D31(27),2025,4,240,"3,800","22,100"
북미,G,AGM,D31(27),2025,5,120,"1,900","11,200"
북미,G,AGM,D31(27),2025,6,120,"1,900","10,960"
북미,G,AGM,D31(27),2025,7,180,"2,850","16,590"
북미,G,AGM,D31(27),2025,8,120,"1,900","11,070"
북미,G,AGM,D31(27),2025,9,120,"1,900","11,110"
북미,G,AGM,D31(27),2025,11,240,"3,790","22,070"
북미,G,AGM,D31(27),2025,12,120,"1,900","11,060"
북미,G,AGM,L3,2021,9,320,"4,410","27,530"
북미,G,AGM,L3,2021,10,320,"4,410","27,940"
북미,G,AGM,L3,2021,12,320,"4,410","27,540"
북미,G,AGM,L3,2022,5,160,"2,190","13,680"
북미,G,AGM,L3,2022,6,160,"2,190","13,780"
북미,G,AGM,L3,2022,8,80,"1,090","6,580"
북미,G,AGM,L3,2023,1,480,"6,560","39,710"
북미,G,AGM,L3,2023,4,800,"10,930","66,180"
북미,G,AGM,L3,2023,5,560,"7,650","46,450"
북미,G,AGM,L3,2023,6,240,"3,280","20,020"
북미,G,AGM,L3,2023,7,1680,"22,950","141,040"
북미,G,AGM,L3,2023,8,2560,"34,970","218,270"
북미,G,AGM,L3,2023,9,4320,"59,010","367,630"
북미,G,AGM,L3,2023,10,4000,"54,640","342,920"
북미,G,AGM,L3,2023,11,3080,"42,060","268,300"
북미,G,AGM,L3,2023,12,240,"3,280","20,520"
북미,G,AGM,L3,2024,1,800,"10,930","68,950"
북미,G,AGM,L3,2024,3,80,"1,090","6,790"
북미,G,AGM,L3,2024,4,560,"7,650","46,880"
북미,G,AGM,L3,2024,7,240,"3,280","20,420"
북미,G,AGM,L3,2024,9,400,"5,460","34,040"
북미,G,AGM,L3,2024,10,320,"4,370","26,730"
북미,G,AGM,L3,2024,12,320,"4,370","26,160"
북미,G,AGM,L3,2025,1,2160,"29,500","179,470"
북미,G,AGM,L3,2025,2,4080,"55,730","339,090"
북미,G,AGM,L3,2025,3,2640,"36,060","217,590"
북미,G,AGM,L3,2025,4,560,"7,650","45,870"
북미,G,AGM,L3,2025,5,80,"1,090","6,720"
북미,G,AGM,L3,2025,7,80,"1,090","6,630"
북미,G,AGM,L3,2025,8,200,"2,730","16,510"
북미,G,AGM,L3,2025,9,400,"5,470","32,430"
북미,G,AGM,L3,2025,10,200,"2,730","16,170"
북미,G,AGM,L3,2025,11,520,"7,100","42,860"
북미,G,AGM,L3,2025,12,720,"9,830","59,720"
북미,G,AGM,L4,2021,2,360,"5,560","30,780"
북미,G,AGM,L4,2021,3,720,"11,130","61,040"
북미,G,AGM,L4,2021,4,720,"11,130","62,350"
북미,G,AGM,L4,2021,6,40,560,"3,070"
북미,G,AGM,L4,2021,8,70,"1,110","6,350"
북미,G,AGM,L4,2021,9,140,"2,230","13,050"
북미,G,AGM,L4,2021,11,140,"2,230","12,870"
북미,G,AGM,L4,2021,12,290,"4,450","26,110"
북미,G,AGM,L4,2022,1,70,"1,100","6,540"
북미,G,AGM,L4,2022,2,1150,"17,650","104,450"
북미,G,AGM,L4,2022,3,140,"2,210","13,060"
북미,G,AGM,L4,2022,5,1550,"23,720","140,720"
북미,G,AGM,L4,2022,8,70,"1,100","6,210"
북미,G,AGM,L4,2023,1,430,"6,620","37,500"
북미,G,AGM,L4,2023,2,70,"1,100","6,380"
북미,G,AGM,L4,2023,3,70,"1,100","6,380"
북미,G,AGM,L4,2023,4,2300,"35,310","199,990"
북미,G,AGM,L4,2023,5,2160,"33,100","188,030"
북미,G,AGM,L4,2023,6,940,"14,340","81,990"
북미,G,AGM,L4,2023,7,720,"11,040","62,370"
북미,G,AGM,L4,2023,8,790,"12,140","70,370"
북미,G,AGM,L4,2023,9,6120,"93,780","546,640"
북미,G,AGM,L4,2023,10,7320,"112,230","660,590"
북미,G,AGM,L4,2023,11,5540,"84,960","508,160"
북미,G,AGM,L4,2023,12,360,"5,520","32,320"
북미,G,AGM,L4,2024,1,70,"1,100","6,520"
북미,G,AGM,L4,2024,2,70,"1,100","6,350"
북미,G,AGM,L4,2024,3,2590,"39,720","230,710"
북미,G,AGM,L4,2024,4,500,"7,720","44,440"
북미,G,AGM,L4,2024,7,360,"5,520","32,600"
북미,G,AGM,L4,2024,9,70,"1,100","6,430"
북미,G,AGM,L4,2024,10,70,"1,100","6,300"
북미,G,AGM,L4,2024,11,220,"3,310","18,580"
북미,G,AGM,L4,2024,12,1010,"15,450","88,780"
북미,G,AGM,L4,2025,1,1300,"19,860","112,980"
북미,G,AGM,L4,2025,2,720,"11,030","62,410"
북미,G,AGM,L4,2025,3,2020,"30,890","173,900"
북미,G,AGM,L4,2025,4,3170,"48,550","274,230"
북미,G,AGM,L4,2025,5,4320,"66,200","380,330"
북미,G,AGM,L4,2025,6,1080,"16,550","92,410"
북미,G,AGM,L4,2025,7,1440,"22,070","125,040"
북미,G,AGM,L4,2025,8,2450,"37,510","212,850"
북미,G,AGM,L4,2025,10,790,"12,140","68,520"
북미,G,AGM,L4,2025,11,1660,"25,380","143,510"
북미,G,AGM,L4,2025,12,790,"12,140","68,810"
북미,G,AGM,L5,2021,3,240,"4,100","22,640"
북미,G,AGM,L5,2021,4,1230,"20,990","117,550"
북미,G,AGM,L5,2022,2,540,"9,140","53,980"
북미,G,AGM,L5,2022,3,480,"8,120","47,990"
북미,G,AGM,L5,2022,7,1200,"20,310","115,900"
북미,G,AGM,L5,2022,12,900,"15,230","84,500"
북미,G,AGM,L5,2023,3,60,"1,020","5,860"
북미,G,AGM,L5,2023,4,240,"4,060","22,990"
북미,G,AGM,L5,2023,8,1350,"22,850","131,740"
북미,G,AGM,L5,2023,9,1530,"25,890","150,800"
북미,G,AGM,L5,2023,10,2070,"35,010","205,360"
북미,G,AGM,L5,2023,11,120,"2,030","12,130"
북미,G,AGM,L5,2023,12,30,510,"2,970"
북미,G,AGM,L5,2024,1,60,"1,020","5,990"
북미,G,AGM,L5,2024,3,660,"11,170","64,830"
북미,G,AGM,L5,2024,4,240,"4,060","23,530"
북미,G,AGM,L5,2024,7,60,"1,020","6,020"
북미,G,AGM,L5,2024,8,60,"1,020","5,790"
북미,G,AGM,L5,2024,9,60,"1,020","5,910"
북미,G,AGM,L5,2024,10,120,"2,030","11,600"
북미,G,AGM,L5,2024,11,480,"8,120","46,430"
북미,G,AGM,L5,2025,1,360,"6,090","34,710"
북미,G,AGM,L5,2025,2,300,"5,080","28,790"
북미,G,AGM,L5,2025,3,600,"10,150","57,160"
북미,G,AGM,L5,2025,4,360,"6,090","34,500"
북미,G,AGM,L5,2025,5,360,"6,090","34,990"
북미,G,AGM,L5,2025,7,60,"1,020","5,750"
북미,G,AGM,L5,2025,8,420,"7,110","40,330"
북미,G,AGM,L5,2025,9,600,"10,150","57,680"
북미,G,AGM,L5,2025,10,480,"8,120","45,860"
북미,G,AGM,L5,2025,11,360,"6,090","34,300"
북미,G,AGM,L5,2025,12,360,"6,090","34,540"
북미,G,MF,BCI 65,2021,1,8970,"92,810","390,510"
북미,G,MF,BCI 65,2021,2,12600,"125,810","549,810"
북미,G,MF,BCI 65,2021,3,12090,"122,320","536,080"
북미,G,MF,BCI 65,2021,4,16410,"168,240","745,010"
북미,G,MF,BCI 65,2021,5,29730,"309,540","1,336,050"
북미,G,MF,BCI 65,2021,6,30870,"334,600","1,436,410"
북미,G,MF,BCI 65,2021,7,24300,"272,710","1,191,310"
북미,G,MF,BCI 65,2021,8,14280,"146,850","665,970"
북미,G,MF,BCI 65,2021,9,17610,"199,280","894,530"
북미,G,MF,BCI 65,2021,10,14340,"154,080","721,950"
북미,G,MF,BCI 65,2021,11,27840,"303,240","1,358,110"
북미,G,MF,BCI 65,2021,12,15450,"162,200","750,940"
북미,G,MF,BCI 65,2022,1,42270,"456,300","2,099,250"
북미,G,MF,BCI 65,2022,2,18000,"178,200","838,770"
북미,G,MF,BCI 65,2022,3,15120,"160,770","743,180"
북미,G,MF,BCI 65,2022,4,19710,"211,880","965,620"
북미,G,MF,BCI 65,2022,5,19440,"196,420","924,540"
북미,G,MF,BCI 65,2022,6,16050,"158,430","753,070"
북미,G,MF,BCI 65,2022,7,6930,"70,830","317,270"
북미,G,MF,BCI 65,2022,8,2820,"31,000","132,850"
북미,G,MF,BCI 65,2022,9,1350,"14,980","62,560"
북미,G,MF,BCI 65,2022,10,4470,"48,970","210,580"
북미,G,MF,BCI 65,2022,11,2520,"28,340","114,890"
북미,G,MF,BCI 65,2022,12,3690,"40,560","170,500"
북미,G,MF,BCI 65,2023,1,6360,"69,150","299,840"
북미,G,MF,BCI 65,2023,2,4110,"43,980","196,990"
북미,G,MF,BCI 65,2023,3,3630,"41,240","181,030"
북미,G,MF,BCI 65,2023,4,7770,"80,950","356,160"
북미,G,MF,BCI 65,2023,5,6870,"76,350","330,040"
북미,G,MF,BCI 65,2023,6,13620,"137,890","620,250"
북미,G,MF,BCI 65,2023,7,12300,"119,270","551,690"
북미,G,MF,BCI 65,2023,8,3960,"42,400","190,620"
북미,G,MF,BCI 65,2023,9,8190,"87,640","393,400"
북미,G,MF,BCI 65,2023,10,9270,"97,280","445,060"
북미,G,MF,BCI 65,2023,11,9450,"97,430","458,310"
북미,G,MF,BCI 65,2023,12,9210,"99,590","448,600"
북미,G,MF,BCI 65,2024,1,7050,"75,710","345,770"
북미,G,MF,BCI 65,2024,2,5610,"58,800","261,260"
북미,G,MF,BCI 65,2024,3,9900,"103,810","466,930"
북미,G,MF,BCI 65,2024,4,8280,"84,110","385,110"
북미,G,MF,BCI 65,2024,5,7560,"75,560","346,550"
북미,G,MF,BCI 65,2024,6,6240,"63,360","294,760"
북미,G,MF,BCI 65,2024,7,8250,"86,140","405,090"
북미,G,MF,BCI 65,2024,8,4260,"44,020","204,090"
북미,G,MF,BCI 65,2024,9,11040,"116,850","533,620"
북미,G,MF,BCI 65,2024,10,5910,"61,420","274,490"
북미,G,MF,BCI 65,2024,11,11100,"115,030","515,270"
북미,G,MF,BCI 65,2024,12,3900,"40,610","182,790"
북미,G,MF,BCI 65,2025,1,11340,"118,350","526,660"
북미,G,MF,BCI 65,2025,2,7470,"77,540","345,990"
북미,G,MF,BCI 65,2025,3,11880,"120,300","531,470"
북미,G,MF,BCI 65,2025,4,8880,"91,370","405,200"
북미,G,MF,BCI 65,2025,5,8760,"87,280","398,660"
북미,G,MF,BCI 65,2025,6,9330,"97,150","424,250"
북미,G,MF,BCI 65,2025,7,6990,"73,450","323,700"
북미,G,MF,BCI 65,2025,8,9120,"97,400","428,220"
북미,G,MF,BCI 65,2025,9,10380,"107,410","479,530"
북미,G,MF,BCI 65,2025,10,16890,"175,830","774,050"
북미,G,MF,BCI 65,2025,11,6330,"69,110","300,480"
북미,G,MF,BCI 65,2025,12,6660,"70,000","308,750"
북미,G,MF,C31,2021,1,5560,"76,430","301,320"
북미,G,MF,C31,2021,2,11880,"162,030","661,920"
북미,G,MF,C31,2021,3,4540,"62,360","257,290"
북미,G,MF,C31,2021,4,11500,"157,500","659,220"
북미,G,MF,C31,2021,5,18410,"252,530","1,014,990"
북미,G,MF,C31,2021,6,13450,"183,960","759,070"
북미,G,MF,C31,2021,7,12310,"167,320","727,570"
북미,G,MF,C31,2021,8,12640,"169,360","746,700"
북미,G,MF,C31,2021,9,15980,"211,810","965,630"
북미,G,MF,C31,2021,10,29430,"398,240","1,885,570"
북미,G,MF,C31,2021,11,34940,"471,420","2,157,100"
북미,G,MF,C31,2021,12,37370,"499,140","2,301,810"
북미,G,MF,C31,2022,1,39040,"521,170","2,444,520"
북미,G,MF,C31,2022,2,17660,"235,600","1,093,310"
북미,G,MF,C31,2022,3,15550,"211,650","978,850"
북미,G,MF,C31,2022,4,16960,"228,630","1,047,160"
북미,G,MF,C31,2022,5,18250,"243,710","1,133,020"
북미,G,MF,C31,2022,6,31370,"418,390","1,950,340"
북미,G,MF,C31,2022,7,13180,"175,240","777,560"
북미,G,MF,C31,2022,8,12200,"161,080","693,290"
북미,G,MF,C31,2022,9,11120,"148,530","626,630"
북미,G,MF,C31,2022,10,3890,"52,090","230,420"
북미,G,MF,C31,2022,11,6370,"85,520","355,810"
북미,G,MF,C31,2022,12,12640,"170,210","728,190"
북미,G,MF,C31,2023,1,16850,"223,560","1,006,620"
북미,G,MF,C31,2023,2,28460,"384,150","1,742,830"
북미,G,MF,C31,2023,3,15770,"213,120","956,720"
북미,G,MF,C31,2023,4,5020,"66,750","291,520"
북미,G,MF,C31,2023,5,15960,"210,450","930,780"
북미,G,MF,C31,2023,6,23440,"313,470","1,403,310"
북미,G,MF,C31,2023,7,11880,"160,740","723,000"
북미,G,MF,C31,2023,8,16790,"228,120","1,031,240"
북미,G,MF,C31,2023,9,21440,"288,560","1,298,100"
북미,G,MF,C31,2023,10,15070,"202,840","922,780"
북미,G,MF,C31,2023,11,19170,"259,220","1,206,310"
북미,G,MF,C31,2023,12,8800,"118,340","535,150"
북미,G,MF,C31,2024,1,13280,"176,970","813,620"
북미,G,MF,C31,2024,2,15930,"213,290","946,640"
북미,G,MF,C31,2024,3,18520,"247,050","1,108,820"
북미,G,MF,C31,2024,4,15230,"201,080","912,260"
북미,G,MF,C31,2024,5,13880,"184,540","826,960"
북미,G,MF,C31,2024,6,13720,"181,900","830,770"
북미,G,MF,C31,2024,7,23380,"312,060","1,447,870"
북미,G,MF,C31,2024,8,10480,"139,960","646,140"
북미,G,MF,C31,2024,9,23650,"316,450","1,432,330"
북미,G,MF,C31,2024,10,20790,"277,180","1,225,900"
북미,G,MF,C31,2024,11,21440,"284,080","1,270,710"
북미,G,MF,C31,2024,12,8050,"107,930","480,970"
북미,G,MF,C31,2025,1,13010,"174,630","775,610"
북미,G,MF,C31,2025,2,10940,"146,340","645,230"
북미,G,MF,C31,2025,3,21490,"288,170","1,253,520"
북미,G,MF,C31,2025,4,22140,"294,930","1,287,690"
북미,G,MF,C31,2025,5,20470,"272,560","1,218,540"
북미,G,MF,C31,2025,6,22300,"298,700","1,286,670"
북미,G,MF,C31,2025,7,16580,"221,780","969,890"
북미,G,MF,C31,2025,8,16420,"219,940","961,330"
북미,G,MF,C31,2025,9,14800,"197,790","869,920"
북미,G,MF,C31,2025,10,18850,"251,750","1,098,920"
북미,G,MF,C31,2025,11,13230,"177,180","775,950"
북미,G,MF,C31,2025,12,16960,"225,310","997,080"
북미,G,MF,D31(27),2021,1,370,"3,700","16,160"
북미,G,MF,D31(27),2021,2,2230,"24,430","110,190"
북미,G,MF,D31(27),2021,3,4840,"47,300","214,400"
북미,G,MF,D31(27),2021,4,3710,"37,210","170,880"
북미,G,MF,D31(27),2021,5,3080,"33,310","150,050"
북미,G,MF,D31(27),2021,6,5240,"59,430","257,900"
북미,G,MF,D31(27),2021,7,2840,"30,720","138,760"
북미,G,MF,D31(27),2021,8,11220,"116,760","535,700"
북미,G,MF,D31(27),2021,9,7300,"80,350","382,520"
북미,G,MF,D31(27),2021,10,9260,"105,810","497,230"
북미,G,MF,D31(27),2021,11,6890,"72,900","341,240"
북미,G,MF,D31(27),2021,12,7990,"88,110","407,910"
북미,G,MF,D31(27),2022,1,10120,"113,520","534,670"
북미,G,MF,D31(27),2022,2,10100,"114,110","529,760"
북미,G,MF,D31(27),2022,3,7740,"87,410","408,080"
북미,G,MF,D31(27),2022,4,8020,"94,490","421,280"
북미,G,MF,D31(27),2022,5,6980,"81,820","377,410"
북미,G,MF,D31(27),2022,6,9010,"102,490","488,910"
북미,G,MF,D31(27),2022,7,3270,"40,010","165,210"
북미,G,MF,D31(27),2022,8,880,"10,400","45,310"
북미,G,MF,D31(27),2022,9,640,"7,340","32,070"
북미,G,MF,D31(27),2022,10,1140,"13,340","58,400"
북미,G,MF,D31(27),2022,11,1480,"16,980","71,790"
북미,G,MF,D31(27),2022,12,4630,"50,500","224,050"
북미,G,MF,D31(27),2023,1,5680,"68,780","304,060"
북미,G,MF,D31(27),2023,2,6900,"77,670","352,190"
북미,G,MF,D31(27),2023,3,2930,"31,620","145,760"
북미,G,MF,D31(27),2023,4,4530,"49,970","223,300"
북미,G,MF,D31(27),2023,5,1030,"12,510","53,560"
북미,G,MF,D31(27),2023,6,6050,"66,950","304,480"
북미,G,MF,D31(27),2023,7,920,"11,290","48,420"
북미,G,MF,D31(27),2023,8,2300,"26,880","118,210"
북미,G,MF,D31(27),2023,9,2380,"25,410","118,100"
북미,G,MF,D31(27),2023,10,6270,"71,960","324,040"
북미,G,MF,D31(27),2023,11,5350,"62,470","281,700"
북미,G,MF,D31(27),2023,12,3360,"37,150","171,960"
북미,G,MF,D31(27),2024,1,2700,"31,110","143,080"
북미,G,MF,D31(27),2024,2,3950,"42,960","195,480"
북미,G,MF,D31(27),2024,3,5750,"66,560","305,480"
북미,G,MF,D31(27),2024,4,6240,"70,940","316,900"
북미,G,MF,D31(27),2024,5,3760,"42,430","189,700"
북미,G,MF,D31(27),2024,6,2320,"26,530","118,910"
북미,G,MF,D31(27),2024,7,5160,"57,870","275,130"
북미,G,MF,D31(27),2024,8,5120,"58,580","271,430"
북미,G,MF,D31(27),2024,9,3200,"36,060","164,430"
북미,G,MF,D31(27),2024,10,5100,"57,680","260,450"
북미,G,MF,D31(27),2024,11,5340,"60,460","272,360"
북미,G,MF,D31(27),2024,12,3470,"39,190","181,080"
북미,G,MF,D31(27),2025,1,4170,"46,510","209,510"
북미,G,MF,D31(27),2025,2,4710,"54,170","242,350"
북미,G,MF,D31(27),2025,3,3440,"39,900","169,680"
북미,G,MF,D31(27),2025,4,4680,"52,500","235,090"
북미,G,MF,D31(27),2025,5,5920,"66,170","295,720"
북미,G,MF,D31(27),2025,6,3130,"34,050","148,440"
북미,G,MF,D31(27),2025,7,2950,"33,710","153,410"
북미,G,MF,D31(27),2025,8,2940,"32,250","148,010"
북미,G,MF,D31(27),2025,9,2540,"26,920","122,840"
북미,G,MF,D31(27),2025,10,2690,"29,870","133,280"
북미,G,MF,D31(27),2025,11,4270,"48,660","216,150"
북미,G,MF,D31(27),2025,12,7940,"89,650","393,410"
북미,G,MF,L3,2021,1,5280,"52,770","216,810"
북미,G,MF,L3,2021,2,9680,"96,530","417,470"
북미,G,MF,L3,2021,3,11200,"111,200","482,840"
북미,G,MF,L3,2021,4,9680,"96,360","420,870"
북미,G,MF,L3,2021,5,16880,"168,110","715,240"
북미,G,MF,L3,2021,6,10160,"101,640","434,830"
북미,G,MF,L3,2021,7,7520,"75,960","337,170"
북미,G,MF,L3,2021,8,8520,"86,300","389,390"
북미,G,MF,L3,2021,9,1720,"17,460","80,240"
북미,G,MF,L3,2021,10,3160,"31,810","149,810"
북미,G,MF,L3,2021,11,3280,"33,100","151,730"
북미,G,MF,L3,2021,12,2920,"29,540","136,170"
북미,G,MF,L3,2022,1,2240,"22,510","104,630"
북미,G,MF,L3,2022,2,8680,"86,550","402,370"
북미,G,MF,L3,2022,3,27960,"279,440","1,303,010"
북미,G,MF,L3,2022,4,12200,"121,690","564,010"
북미,G,MF,L3,2022,5,4960,"49,360","230,470"
북미,G,MF,L3,2022,6,6440,"64,200","300,600"
북미,G,MF,L3,2022,7,4640,"46,260","207,130"
북미,G,MF,L3,2022,8,800,"8,010","35,070"
북미,G,MF,L3,2022,9,640,"6,410","27,460"
북미,G,MF,L3,2022,10,1760,"17,630","77,350"
북미,G,MF,L3,2022,11,2520,"25,220","105,490"
북미,G,MF,L3,2022,12,1080,"10,820","46,470"
북미,G,MF,L3,2023,1,2840,"28,380","125,440"
북미,G,MF,L3,2023,2,2160,"21,540","97,910"
북미,G,MF,L3,2023,3,720,"7,210","32,610"
북미,G,MF,L3,2023,4,880,"8,820","38,870"
북미,G,MF,L3,2023,5,2560,"25,640","113,490"
북미,G,MF,L3,2023,6,16880,"169,090","754,200"
북미,G,MF,L3,2023,7,1080,"10,820","48,920"
북미,G,MF,L3,2023,8,4920,"49,280","224,300"
북미,G,MF,L3,2023,9,7640,"76,530","347,390"
북미,G,MF,L3,2023,10,9120,"91,360","419,130"
북미,G,MF,L3,2023,11,8560,"85,750","401,980"
북미,G,MF,L3,2023,12,3760,"37,660","172,100"
북미,G,MF,L3,2024,1,2920,"29,250","135,110"
북미,G,MF,L3,2024,2,3000,"30,050","134,250"
북미,G,MF,L3,2024,3,9960,"99,770","450,880"
북미,G,MF,L3,2024,4,3000,"30,050","135,570"
북미,G,MF,L3,2024,5,4960,"49,680","222,750"
북미,G,MF,L3,2024,6,2360,"23,600","107,730"
북미,G,MF,L3,2024,7,8000,"79,950","372,720"
북미,G,MF,L3,2024,8,3040,"30,380","139,350"
북미,G,MF,L3,2024,9,6880,"68,760","312,970"
북미,G,MF,L3,2024,10,5240,"52,370","232,390"
북미,G,MF,L3,2024,11,8560,"85,550","380,060"
북미,G,MF,L3,2024,12,1560,"15,590","69,720"
북미,G,MF,L3,2025,1,3800,"37,980","167,960"
북미,G,MF,L3,2025,2,8160,"81,550","361,160"
북미,G,MF,L3,2025,3,4160,"41,580","181,040"
북미,G,MF,L3,2025,4,9600,"95,940","421,060"
북미,G,MF,L3,2025,5,6640,"66,360","296,610"
북미,G,MF,L3,2025,6,3280,"32,780","142,320"
북미,G,MF,L3,2025,7,6120,"61,160","268,610"
북미,G,MF,L3,2025,8,4280,"42,770","188,280"
북미,G,MF,L3,2025,9,8280,"82,750","366,140"
북미,G,MF,L3,2025,10,8960,"89,550","391,640"
북미,G,MF,L3,2025,11,2160,"21,590","94,630"
북미,G,MF,L3,2025,12,4600,"45,970","202,160"
북미,G,MF,L4,2021,1,2450,"24,700","120,470"
북미,G,MF,L4,2021,2,3310,"33,360","167,160"
북미,G,MF,L4,2021,3,7270,"73,250","367,290"
북미,G,MF,L4,2021,4,5830,"58,750","298,370"
북미,G,MF,L4,2021,5,940,"9,430","46,780"
북미,G,MF,L4,2021,6,3780,"38,080","190,290"
북미,G,MF,L4,2021,7,650,"6,530","33,830"
북미,G,MF,L4,2021,8,4750,"47,870","248,200"
북미,G,MF,L4,2021,9,500,"5,080","27,160"
북미,G,MF,L4,2021,10,360,"3,630","19,700"
북미,G,MF,L4,2021,11,3820,"38,440","202,020"
북미,G,MF,L4,2021,12,2020,"20,310","108,450"
북미,G,MF,L4,2022,1,2590,"26,050","139,630"
북미,G,MF,L4,2022,2,6120,"61,510","327,440"
북미,G,MF,L4,2022,3,11810,"118,670","634,560"
북미,G,MF,L4,2022,4,6700,"67,300","357,430"
북미,G,MF,L4,2022,5,2050,"20,620","109,540"
북미,G,MF,L4,2022,6,1080,"10,850","58,170"
북미,G,MF,L4,2022,7,7490,"75,250","387,730"
북미,G,MF,L4,2022,8,3240,"32,560","165,140"
북미,G,MF,L4,2022,9,140,"1,450","7,200"
북미,G,MF,L4,2022,10,580,"5,790","29,420"
북미,G,MF,L4,2022,11,220,"2,170","10,580"
북미,G,MF,L4,2022,12,360,"3,620","18,050"
북미,G,MF,L4,2023,1,860,"8,680","44,320"
북미,G,MF,L4,2023,2,1220,"12,300","64,220"
북미,G,MF,L4,2023,3,720,"7,460","38,260"
북미,G,MF,L4,2023,4,1220,"12,800","64,020"
북미,G,MF,L4,2023,5,1370,"13,750","70,400"
북미,G,MF,L4,2023,6,720,"7,240","37,310"
북미,G,MF,L4,2023,7,720,"7,240","37,960"
북미,G,MF,L4,2023,8,11300,"127,410","632,060"
북미,G,MF,L4,2023,9,140,"1,670","8,110"
북미,G,MF,L4,2023,10,5540,"64,230","315,010"
북미,G,MF,L4,2023,11,2160,"25,020","125,280"
북미,G,MF,L4,2023,12,3600,"41,710","203,900"
북미,G,MF,L4,2024,1,290,"3,340","16,480"
북미,G,MF,L4,2024,2,1440,"16,680","79,890"
북미,G,MF,L4,2024,3,2380,"27,530","133,220"
북미,G,MF,L4,2024,4,3740,"43,370","209,550"
북미,G,MF,L4,2024,5,2810,"32,530","156,340"
북미,G,MF,L4,2024,6,2880,"33,320","162,950"
북미,G,MF,L4,2024,7,3100,"35,790","178,240"
북미,G,MF,L4,2024,8,290,"3,330","16,330"
북미,G,MF,L4,2024,9,2590,"29,960","145,980"
북미,G,MF,L4,2024,10,2660,"30,790","146,570"
북미,G,MF,L4,2024,11,5540,"64,080","305,840"
북미,G,MF,L4,2024,12,290,"3,330","15,960"
북미,G,MF,L4,2025,1,2160,"24,970","118,500"
북미,G,MF,L4,2025,2,6260,"72,410","344,020"
북미,G,MF,L4,2025,3,2300,"26,630","124,600"
북미,G,MF,L4,2025,4,3170,"36,620","172,560"
북미,G,MF,L4,2025,5,1940,"22,470","107,680"
북미,G,MF,L4,2025,6,2810,"32,460","151,460"
북미,G,MF,L4,2025,7,1580,"18,310","86,370"
북미,G,MF,L4,2025,8,2590,"29,960","141,580"
북미,G,MF,L4,2025,9,5540,"64,080","304,200"
북미,G,MF,L4,2025,10,3240,"37,450","175,930"
북미,G,MF,L4,2025,11,1800,"20,810","97,920"
북미,G,MF,L4,2025,12,1580,"18,310","86,420"
북미,G,MF,L5,2021,1,960,"11,150","42,900"
북미,G,MF,L5,2021,2,1140,"13,260","53,890"
북미,G,MF,L5,2021,3,3090,"35,650","145,870"
북미,G,MF,L5,2021,4,3180,"36,850","151,690"
북미,G,MF,L5,2021,5,930,"10,940","43,460"
북미,G,MF,L5,2021,6,270,"3,180","12,720"
북미,G,MF,L5,2021,7,60,710,"2,960"
북미,G,MF,L5,2021,8,420,"4,940","20,740"
북미,G,MF,L5,2021,9,330,"3,880","16,900"
북미,G,MF,L5,2021,10,1920,"22,420","100,470"
북미,G,MF,L5,2021,11,1440,"16,870","72,550"
북미,G,MF,L5,2021,12,480,"5,650","24,590"
북미,G,MF,L5,2022,1,510,"5,960","26,150"
북미,G,MF,L5,2022,2,3720,"43,480","189,030"
북미,G,MF,L5,2022,3,9900,"115,370","505,980"
북미,G,MF,L5,2022,4,1770,"20,610","89,810"
북미,G,MF,L5,2022,5,270,"3,160","13,700"
북미,G,MF,L5,2022,6,300,"3,490","15,420"
북미,G,MF,L5,2022,7,180,"2,100","8,790"
북미,G,MF,L5,2022,8,60,700,"2,870"
북미,G,MF,L5,2022,9,150,"1,750","7,010"
북미,G,MF,L5,2022,10,210,"2,440","10,080"
북미,G,MF,L5,2022,11,240,"2,790","10,920"
북미,G,MF,L5,2022,12,210,"2,440","9,850"
북미,G,MF,L5,2023,1,420,"4,890","20,270"
북미,G,MF,L5,2023,2,570,"6,630","28,310"
북미,G,MF,L5,2023,3,2580,"29,920","127,990"
북미,G,MF,L5,2023,4,780,"9,080","37,640"
북미,G,MF,L5,2023,5,420,"4,890","20,350"
북미,G,MF,L5,2023,6,4050,"47,130","197,960"
북미,G,MF,L5,2023,7,120,"1,390","5,930"
북미,G,MF,L5,2023,8,510,"5,940","25,410"
북미,G,MF,L5,2023,9,660,"7,680","32,800"
북미,G,MF,L5,2023,10,3180,"37,010","159,760"
북미,G,MF,L5,2023,11,1080,"12,550","55,510"
북미,G,MF,L5,2023,12,1290,"15,010","64,570"
북미,G,MF,L5,2024,1,210,"2,440","10,640"
북미,G,MF,L5,2024,2,60,700,"2,930"
북미,G,MF,L5,2024,3,630,"7,330","31,150"
북미,G,MF,L5,2024,4,840,"9,780","41,470"
북미,G,MF,L5,2024,5,840,"9,780","41,190"
북미,G,MF,L5,2024,6,1020,"11,850","50,930"
북미,G,MF,L5,2024,7,1290,"14,980","65,870"
북미,G,MF,L5,2024,8,1500,"17,420","75,230"
북미,G,MF,L5,2024,9,720,"8,360","35,810"
북미,G,MF,L5,2024,10,570,"6,620","27,570"
북미,G,MF,L5,2024,11,1500,"17,420","72,630"
북미,G,MF,L5,2024,12,270,"3,140","13,170"
북미,G,MF,L5,2025,1,480,"5,570","23,130"
북미,G,MF,L5,2025,2,1260,"14,630","60,800"
북미,G,MF,L5,2025,3,840,"9,750","39,780"
북미,G,MF,L5,2025,4,1560,"18,110","74,540"
북미,G,MF,L5,2025,5,1500,"17,420","73,110"
북미,G,MF,L5,2025,6,960,"11,150","45,320"
북미,G,MF,L5,2025,7,780,"9,060","37,310"
북미,G,MF,L5,2025,8,600,"6,970","28,770"
북미,G,MF,L5,2025,9,660,"7,660","31,830"
북미,G,MF,L5,2025,10,840,"9,750","39,990"
북미,G,MF,L5,2025,11,300,"3,480","14,320"
북미,G,MF,L5,2025,12,480,"5,570","22,990"
북미,F,AGM,BCI 65,2021,4,600,"8,390","45,110"
북미,F,AGM,BCI 65,2021,5,300,"4,190","22,730"
북미,F,AGM,BCI 65,2021,6,1630,"22,720","125,050"
북미,F,AGM,BCI 65,2021,7,380,"5,240","28,660"
북미,F,AGM,BCI 65,2021,8,2630,"36,700","203,470"
북미,F,AGM,BCI 65,2021,9,1320,"18,450","109,340"
북미,F,AGM,BCI 65,2021,10,2910,"40,680","235,460"
북미,F,AGM,BCI 65,2021,11,750,"10,480","63,030"
북미,F,AGM,BCI 65,2021,12,200,"2,730","16,390"
북미,F,AGM,BCI 65,2022,1,1500,"20,970","123,670"
북미,F,AGM,BCI 65,2022,4,1130,"15,660","92,520"
북미,F,AGM,BCI 65,2022,5,770,"10,650","62,920"
북미,F,AGM,BCI 65,2022,6,800,"11,070","65,440"
북미,F,AGM,BCI 65,2022,7,4130,"57,430","344,700"
북미,F,AGM,BCI 65,2022,8,650,"8,980","56,530"
북미,F,AGM,BCI 65,2023,2,150,"2,090","11,350"
북미,F,AGM,BCI 65,2023,3,3980,"55,340","300,750"
북미,F,AGM,BCI 65,2023,8,210,"2,910","15,820"
북미,F,AGM,BCI 65,2023,9,500,"6,890","37,380"
북미,F,AGM,BCI 65,2023,10,12950,"180,250","1,011,510"
북미,F,AGM,BCI 65,2023,11,15520,"216,070","1,174,480"
북미,F,AGM,BCI 65,2023,12,2580,"35,880","195,390"
북미,F,AGM,BCI 65,2024,1,540,"7,480","45,690"
북미,F,AGM,BCI 65,2024,3,320,"4,390","25,560"
북미,F,AGM,BCI 65,2024,5,220,"3,110","18,750"
북미,F,AGM,BCI 65,2024,7,2440,"33,980","155,950"
북미,F,AGM,BCI 65,2024,8,1580,"22,000","91,100"
북미,F,AGM,BCI 65,2024,9,790,"11,050","50,540"
북미,F,AGM,BCI 65,2024,10,4740,"66,010","274,900"
북미,F,AGM,BCI 65,2024,11,2310,"32,280","188,070"
북미,F,AGM,BCI 65,2024,12,790,"10,950","63,360"
북미,F,AGM,BCI 65,2025,1,10490,"146,300","841,530"
북미,F,AGM,BCI 65,2025,2,1730,"24,140","132,980"
북미,F,AGM,BCI 65,2025,3,4470,"62,280","348,080"
북미,F,AGM,BCI 65,2025,4,3160,"44,030","239,340"
북미,F,AGM,BCI 65,2025,5,4880,"68,080","370,300"
북미,F,AGM,BCI 65,2025,7,10100,"140,810","727,570"
북미,F,AGM,BCI 65,2025,8,8160,"113,820","563,660"
북미,F,AGM,BCI 65,2025,9,180,"2,510","13,710"
북미,F,AGM,BCI 65,2025,11,540,"7,460","42,010"
북미,F,AGM,C31,2021,6,1290,"21,820","132,850"
북미,F,AGM,C31,2021,7,20,270,"1,630"
북미,F,AGM,C31,2022,2,2670,"43,500","303,950"
북미,F,AGM,C31,2022,3,1400,"23,200","161,100"
북미,F,AGM,C31,2022,4,120,"1,950","13,690"
북미,F,AGM,C31,2022,5,410,"6,590","45,980"
북미,F,AGM,C31,2022,9,590,"9,520","64,040"
북미,F,AGM,C31,2023,1,650,"10,900","69,350"
북미,F,AGM,C31,2023,3,420,"7,510","47,440"
북미,F,AGM,C31,2023,12,60,"1,060","6,540"
북미,F,AGM,C31,2024,3,1330,"22,480","145,200"
북미,F,AGM,C31,2024,5,380,"6,520","42,790"
북미,F,AGM,C31,2024,7,60,"1,080","6,820"
북미,F,AGM,C31,2024,8,360,"5,860","27,010"
북미,F,AGM,C31,2024,10,20,270,"1,300"
북미,F,AGM,C31,2025,2,600,"10,770","67,770"
북미,F,AGM,C31,2025,3,120,"1,910","12,860"
북미,F,AGM,C31,2025,4,710,"12,650","78,100"
북미,F,AGM,C31,2025,5,120,"1,900","12,000"
북미,F,AGM,C31,2025,8,230,"3,770","23,690"
북미,F,AGM,C31,2025,9,240,"3,890","24,260"
북미,F,AGM,C31,2025,10,760,"12,340","77,020"
북미,F,AGM,C31,2025,11,30,490,"3,030"
북미,F,AGM,C31,2025,12,360,"5,800","36,490"
북미,F,AGM,D31(27),2021,6,110,"1,720","9,790"
북미,F,AGM,D31(27),2021,11,670,"10,620","65,040"
북미,F,AGM,D31(27),2021,12,140,"2,300","14,060"
북미,F,AGM,D31(27),2022,2,40,570,"3,810"
북미,F,AGM,D31(27),2022,4,70,"1,140","7,410"
북미,F,AGM,D31(27),2023,3,70,"1,140","6,790"
북미,F,AGM,D31(27),2024,3,160,"2,570","15,250"
북미,F,AGM,D31(27),2024,5,220,"3,430","21,100"
북미,F,AGM,D31(27),2024,10,20,290,"1,300"
북미,F,AGM,D31(27),2025,2,6850,"109,030","699,840"
북미,F,AGM,D31(27),2025,3,5470,"87,030","542,040"
북미,F,AGM,D31(27),2025,4,680,"10,890","65,130"
북미,F,AGM,D31(27),2025,5,2050,"32,580","195,280"
북미,F,AGM,D31(27),2025,11,40,550,"3,220"
북미,F,AGM,L3,2021,4,650,"8,930","44,340"
북미,F,AGM,L3,2021,6,810,"11,160","55,430"
북미,F,AGM,L3,2021,7,2420,"33,460","183,250"
북미,F,AGM,L3,2021,8,810,"11,160","57,490"
북미,F,AGM,L3,2021,12,140,"1,910","11,250"
북미,F,AGM,L3,2022,2,70,990,"5,690"
북미,F,AGM,L3,2022,4,1010,"13,770","77,070"
북미,F,AGM,L3,2023,3,1620,"22,130","113,960"
북미,F,AGM,L3,2023,4,3240,"44,270","227,920"
북미,F,AGM,L3,2023,6,3240,"44,270","227,920"
북미,F,AGM,L3,2023,8,4850,"66,320","341,450"
북미,F,AGM,L3,2023,9,810,"11,070","56,980"
북미,F,AGM,L3,2023,10,3540,"48,460","268,530"
북미,F,AGM,L3,2023,11,6550,"89,500","460,840"
북미,F,AGM,L3,2023,12,2430,"33,150","170,320"
북미,F,AGM,L3,2024,1,4860,"66,330","360,820"
북미,F,AGM,L3,2024,2,450,"6,120","33,760"
북미,F,AGM,L3,2024,3,5790,"79,250","460,590"
북미,F,AGM,L3,2024,4,10500,"143,430","761,540"
북미,F,AGM,L3,2024,5,8660,"116,600","650,000"
북미,F,AGM,L3,2024,6,9830,"130,870","722,980"
북미,F,AGM,L3,2024,7,15200,"200,360","980,070"
북미,F,AGM,L3,2024,8,4170,"55,740","270,330"
북미,F,AGM,L3,2024,9,860,"11,250","258,700"
북미,F,AGM,L3,2024,10,960,"13,120","71,680"
북미,F,AGM,L3,2025,1,3230,"42,130","241,560"
북미,F,AGM,L3,2025,2,800,"10,480","60,070"
북미,F,AGM,L3,2025,3,7600,"103,310","587,680"
북미,F,AGM,L3,2025,4,4050,"52,760","296,720"
북미,F,AGM,L3,2025,5,5140,"67,160","376,330"
북미,F,AGM,L3,2025,6,3840,"52,600","296,140"
북미,F,AGM,L3,2025,7,1000,"13,790","72,950"
북미,F,AGM,L3,2025,8,640,"8,880","45,710"
북미,F,AGM,L3,2025,9,6540,"87,450","472,740"
북미,F,AGM,L3,2025,10,4400,"58,310","320,170"
북미,F,AGM,L3,2025,11,2720,"37,680","180,320"
북미,F,AGM,L3,2025,12,3220,"44,580","211,490"
북미,F,AGM,L4,2021,3,1440,"22,320","126,570"
북미,F,AGM,L4,2021,4,1650,"25,500","143,510"
북미,F,AGM,L4,2021,7,750,"11,590","67,690"
북미,F,AGM,L4,2021,8,510,"7,880","46,010"
북미,F,AGM,L4,2021,10,60,910,"5,960"
북미,F,AGM,L4,2021,12,180,"2,720","17,870"
북미,F,AGM,L4,2022,3,1440,"22,070","139,920"
북미,F,AGM,L4,2022,4,360,"5,520","34,980"
북미,F,AGM,L4,2023,3,4320,"66,220","386,230"
북미,F,AGM,L4,2023,5,2880,"44,130","257,490"
북미,F,AGM,L4,2023,6,1440,"22,010","128,390"
북미,F,AGM,L4,2023,9,2870,"44,020","256,770"
북미,F,AGM,L4,2023,10,2880,"44,150","257,100"
북미,F,AGM,L4,2023,11,5730,"87,890","511,610"
북미,F,AGM,L4,2023,12,870,"13,380","77,890"
북미,F,AGM,L4,2024,1,4320,"66,200","407,290"
북미,F,AGM,L4,2024,2,2510,"38,420","226,630"
북미,F,AGM,L4,2024,3,3300,"50,740","325,540"
북미,F,AGM,L4,2024,4,6470,"99,110","604,680"
북미,F,AGM,L4,2024,5,4780,"72,930","439,380"
북미,F,AGM,L4,2024,8,500,"7,710","45,560"
북미,F,AGM,L4,2025,1,750,"11,460","75,260"
북미,F,AGM,L4,2025,2,980,"15,070","88,460"
북미,F,AGM,L4,2025,3,5810,"89,020","573,380"
북미,F,AGM,L4,2025,4,1730,"26,480","171,200"
북미,F,AGM,L4,2025,5,510,"7,800","48,010"
북미,F,AGM,L4,2025,6,1320,"20,320","126,670"
북미,F,AGM,L4,2025,7,1660,"25,800","161,850"
북미,F,AGM,L4,2025,8,480,"7,430","44,690"
북미,F,AGM,L4,2025,9,3750,"56,720","347,630"
북미,F,AGM,L4,2025,10,5230,"79,070","485,450"
북미,F,AGM,L4,2025,11,3040,"47,120","254,930"
북미,F,AGM,L4,2025,12,1440,"22,330","120,000"
북미,F,AGM,L5,2021,4,590,"9,990","47,990"
북미,F,AGM,L5,2021,5,650,"11,010","52,910"
북미,F,AGM,L5,2021,7,1110,"18,920","94,650"
북미,F,AGM,L5,2021,8,330,"5,630","28,080"
북미,F,AGM,L5,2021,12,120,"2,020","11,240"
북미,F,AGM,L5,2022,2,60,"1,020","5,860"
북미,F,AGM,L5,2023,3,1290,"21,840","108,780"
북미,F,AGM,L5,2023,7,650,"10,920","54,390"
북미,F,AGM,L5,2023,8,2380,"40,270","200,530"
북미,F,AGM,L5,2023,10,1930,"32,610","162,160"
북미,F,AGM,L5,2023,11,1290,"21,820","108,470"
북미,F,AGM,L5,2024,2,3560,"60,310","316,650"
북미,F,AGM,L5,2024,3,3240,"54,820","285,820"
북미,F,AGM,L5,2024,4,3230,"54,590","286,880"
북미,F,AGM,L5,2024,5,740,"12,160","66,710"
북미,F,AGM,L5,2024,6,1930,"32,640","132,320"
북미,F,AGM,L5,2024,7,3220,"54,340","223,910"
북미,F,AGM,L5,2024,8,5150,"86,960","319,500"
북미,F,AGM,L5,2024,9,5150,"87,060","366,030"
북미,F,AGM,L5,2024,10,1000,"16,870","64,730"
북미,F,AGM,L5,2024,11,1000,"16,860","91,370"
북미,F,AGM,L5,2025,1,4480,"75,750","400,100"
북미,F,AGM,L5,2025,2,4390,"74,180","373,180"
북미,F,AGM,L5,2025,3,3770,"63,670","325,870"
북미,F,AGM,L5,2025,4,1260,"21,210","104,640"
북미,F,AGM,L5,2025,5,5710,"96,470","479,580"
북미,F,AGM,L5,2025,6,630,"10,780","53,000"
북미,F,AGM,L5,2025,7,4070,"69,740","326,020"
북미,F,AGM,L5,2025,8,7740,"132,630","594,130"
북미,F,AGM,L5,2025,9,7560,"128,790","606,970"
북미,F,AGM,L5,2025,10,4480,"76,570","357,250"
북미,F,AGM,L5,2025,11,3130,"53,700","246,460"
북미,F,AGM,L5,2025,12,630,"10,780","49,470"
북미,F,MF,BCI 65,2021,1,5760,"56,920","235,900"
북미,F,MF,BCI 65,2021,2,10040,"102,820","454,780"
북미,F,MF,BCI 65,2021,3,11180,"114,000","507,500"
북미,F,MF,BCI 65,2021,4,4530,"45,440","202,020"
북미,F,MF,BCI 65,2021,5,4460,"44,930","198,060"
북미,F,MF,BCI 65,2021,6,6510,"67,430","310,080"
북미,F,MF,BCI 65,2021,7,2180,"21,350","97,230"
북미,F,MF,BCI 65,2021,8,230,"1,930","8,750"
북미,F,MF,BCI 65,2021,9,11670,"122,330","586,890"
북미,F,MF,BCI 65,2021,10,7350,"75,670","363,740"
북미,F,MF,BCI 65,2021,11,1830,"17,160","82,600"
북미,F,MF,BCI 65,2021,12,4650,"46,180","230,530"
북미,F,MF,BCI 65,2022,1,150,"1,490","7,350"
북미,F,MF,BCI 65,2022,2,9500,"98,450","497,250"
북미,F,MF,BCI 65,2022,3,10190,"103,800","524,830"
북미,F,MF,BCI 65,2022,4,7130,"73,130","368,490"
북미,F,MF,BCI 65,2022,5,4010,"41,950","211,970"
북미,F,MF,BCI 65,2022,6,3300,"34,260","172,830"
북미,F,MF,BCI 65,2022,7,7110,"67,300","343,650"
북미,F,MF,BCI 65,2022,8,530,"5,500","27,720"
북미,F,MF,BCI 65,2022,9,380,"3,270","16,310"
북미,F,MF,BCI 65,2022,11,600,"5,130","25,670"
북미,F,MF,BCI 65,2022,12,5150,"53,900","250,300"
북미,F,MF,BCI 65,2023,1,7530,"76,340","349,200"
북미,F,MF,BCI 65,2023,2,3210,"32,010","146,460"
북미,F,MF,BCI 65,2023,3,5600,"58,240","270,630"
북미,F,MF,BCI 65,2023,4,12380,"124,480","580,100"
북미,F,MF,BCI 65,2023,5,5330,"51,870","240,470"
북미,F,MF,BCI 65,2023,6,5250,"53,550","248,250"
북미,F,MF,BCI 65,2023,7,13010,"135,820","610,950"
북미,F,MF,BCI 65,2023,8,7460,"78,080","358,310"
북미,F,MF,BCI 65,2023,9,9240,"96,730","444,850"
북미,F,MF,BCI 65,2023,10,4700,"49,190","225,330"
북미,F,MF,BCI 65,2023,11,5660,"59,310","271,840"
북미,F,MF,BCI 65,2023,12,1800,"18,780","85,730"
북미,F,MF,BCI 65,2024,1,370,"3,700","17,650"
북미,F,MF,BCI 65,2024,2,2700,"26,550","123,570"
북미,F,MF,BCI 65,2024,3,3580,"35,690","166,260"
북미,F,MF,BCI 65,2024,4,15110,"155,390","753,560"
북미,F,MF,BCI 65,2024,5,4740,"49,110","234,880"
북미,F,MF,BCI 65,2024,6,8120,"82,670","396,130"
북미,F,MF,BCI 65,2024,7,2040,"18,480","89,400"
북미,F,MF,BCI 65,2024,8,9620,"96,660","460,110"
북미,F,MF,BCI 65,2024,9,6810,"70,380","337,520"
북미,F,MF,BCI 65,2024,10,5120,"50,020","246,170"
북미,F,MF,BCI 65,2024,11,1190,"11,260","55,040"
북미,F,MF,BCI 65,2024,12,1800,"15,130","77,050"
북미,F,MF,BCI 65,2025,1,280,"2,380","12,110"
북미,F,MF,BCI 65,2025,2,7600,"76,910","362,550"
북미,F,MF,BCI 65,2025,3,4710,"48,670","231,450"
북미,F,MF,BCI 65,2025,4,9150,"91,120","428,890"
북미,F,MF,BCI 65,2025,5,4550,"46,760","218,170"
북미,F,MF,BCI 65,2025,6,2350,"24,310","113,350"
북미,F,MF,BCI 65,2025,7,13790,"137,860","639,330"
북미,F,MF,BCI 65,2025,8,4860,"48,280","224,070"
북미,F,MF,BCI 65,2025,9,12210,"124,680","573,560"
북미,F,MF,BCI 65,2025,11,3610,"37,000","170,160"
북미,F,MF,BCI 65,2025,12,1500,"12,590","59,460"
북미,F,MF,C31,2021,1,7310,"100,280","383,090"
북미,F,MF,C31,2021,2,10260,"140,730","562,800"
북미,F,MF,C31,2021,3,14360,"196,690","782,050"
북미,F,MF,C31,2021,4,11960,"164,050","668,030"
북미,F,MF,C31,2021,5,24770,"338,610","1,328,980"
북미,F,MF,C31,2021,6,13290,"180,670","776,510"
북미,F,MF,C31,2021,7,12270,"168,590","693,160"
북미,F,MF,C31,2021,8,2040,"28,320","123,880"
북미,F,MF,C31,2021,9,5880,"81,630","385,450"
북미,F,MF,C31,2021,10,14840,"201,660","888,170"
북미,F,MF,C31,2021,11,14210,"192,740","844,020"
북미,F,MF,C31,2021,12,11260,"154,190","716,460"
북미,F,MF,C31,2022,1,6750,"92,370","418,520"
북미,F,MF,C31,2022,2,20940,"283,150","1,339,850"
북미,F,MF,C31,2022,3,35120,"474,180","2,220,990"
북미,F,MF,C31,2022,4,23960,"324,270","1,512,170"
북미,F,MF,C31,2022,5,32790,"445,890","2,153,480"
북미,F,MF,C31,2022,6,26010,"352,900","1,652,560"
북미,F,MF,C31,2022,7,6390,"86,510","402,680"
북미,F,MF,C31,2022,8,120,"1,480","7,190"
북미,F,MF,C31,2022,9,600,"7,960","36,580"
북미,F,MF,C31,2022,11,660,"9,140","41,650"
북미,F,MF,C31,2022,12,1830,"25,480","118,490"
북미,F,MF,C31,2023,1,1290,"17,630","80,290"
북미,F,MF,C31,2023,3,26910,"363,510","1,579,530"
북미,F,MF,C31,2023,4,2400,"32,750","148,450"
북미,F,MF,C31,2023,5,5030,"69,310","341,010"
북미,F,MF,C31,2023,6,14930,"203,500","892,500"
북미,F,MF,C31,2023,7,15380,"211,540","948,710"
북미,F,MF,C31,2023,8,3120,"42,860","192,550"
북미,F,MF,C31,2023,9,12940,"180,140","802,300"
북미,F,MF,C31,2023,10,9960,"137,810","604,200"
북미,F,MF,C31,2023,11,4340,"60,560","268,690"
북미,F,MF,C31,2023,12,990,"13,540","61,490"
북미,F,MF,C31,2024,2,2850,"38,660","141,060"
북미,F,MF,C31,2024,3,7150,"98,520","440,790"
북미,F,MF,C31,2024,4,9720,"133,680","595,490"
북미,F,MF,C31,2024,5,6390,"86,810","284,600"
북미,F,MF,C31,2024,6,7070,"96,850","378,050"
북미,F,MF,C31,2024,7,7850,"106,680","339,300"
북미,F,MF,C31,2024,8,13080,"179,170","845,110"
북미,F,MF,C31,2024,9,2770,"37,430","186,510"
북미,F,MF,C31,2024,10,1050,"14,170","31,620"
북미,F,MF,C31,2024,11,3570,"47,950","233,280"
북미,F,MF,C31,2024,12,4150,"56,420","277,070"
북미,F,MF,C31,2025,1,2960,"40,020","178,710"
북미,F,MF,C31,2025,2,1280,"17,160","81,030"
북미,F,MF,C31,2025,3,16740,"229,340","1,070,980"
북미,F,MF,C31,2025,4,8040,"109,300","504,670"
북미,F,MF,C31,2025,5,10140,"138,500","633,760"
북미,F,MF,C31,2025,6,1350,"18,500","84,590"
북미,F,MF,C31,2025,7,10820,"147,410","672,430"
북미,F,MF,C31,2025,8,1360,"18,360","83,580"
북미,F,MF,C31,2025,9,4700,"64,000","290,590"
북미,F,MF,C31,2025,10,2790,"33,750","115,910"
북미,F,MF,C31,2025,11,3440,"44,460","182,370"
북미,F,MF,C31,2025,12,490,"5,220","12,180"
북미,F,MF,D31(27),2021,1,400,"4,180","16,970"
북미,F,MF,D31(27),2021,2,400,"4,350","18,490"
북미,F,MF,D31(27),2021,3,680,"8,100","35,910"
북미,F,MF,D31(27),2021,4,1370,"15,000","65,250"
북미,F,MF,D31(27),2021,5,1260,"13,640","59,040"
북미,F,MF,D31(27),2021,6,990,"11,160","50,760"
북미,F,MF,D31(27),2021,7,1100,"12,260","54,090"
북미,F,MF,D31(27),2021,8,70,690,"2,840"
북미,F,MF,D31(27),2021,9,1550,"18,460","87,380"
북미,F,MF,D31(27),2021,10,1440,"16,190","76,130"
북미,F,MF,D31(27),2021,11,430,"4,410","20,120"
북미,F,MF,D31(27),2021,12,1300,"14,550","68,690"
북미,F,MF,D31(27),2022,2,1310,"14,040","68,760"
북미,F,MF,D31(27),2022,3,1390,"14,960","74,350"
북미,F,MF,D31(27),2022,4,1420,"14,580","69,870"
북미,F,MF,D31(27),2022,5,630,"6,990","36,390"
북미,F,MF,D31(27),2022,6,1030,"11,740","59,080"
북미,F,MF,D31(27),2022,7,320,"3,500","17,340"
북미,F,MF,D31(27),2022,9,670,"7,600","36,710"
북미,F,MF,D31(27),2022,11,700,"7,360","34,960"
북미,F,MF,D31(27),2022,12,500,"5,750","26,360"
북미,F,MF,D31(27),2023,1,850,"9,060","41,160"
북미,F,MF,D31(27),2023,2,1100,"11,220","48,920"
북미,F,MF,D31(27),2023,3,560,"6,680","30,650"
북미,F,MF,D31(27),2023,4,1930,"20,980","94,930"
북미,F,MF,D31(27),2023,5,400,"4,240","18,820"
북미,F,MF,D31(27),2023,6,1060,"12,290","56,770"
북미,F,MF,D31(27),2023,7,340,"3,960","17,860"
북미,F,MF,D31(27),2023,8,1530,"18,090","80,250"
북미,F,MF,D31(27),2023,9,2990,"35,750","166,940"
북미,F,MF,D31(27),2023,10,1370,"15,820","72,240"
북미,F,MF,D31(27),2023,11,1330,"13,910","61,810"
북미,F,MF,D31(27),2023,12,340,"3,560","15,700"
북미,F,MF,D31(27),2024,1,220,"2,250","10,420"
북미,F,MF,D31(27),2024,3,1550,"15,990","71,980"
북미,F,MF,D31(27),2024,4,1330,"14,190","67,810"
북미,F,MF,D31(27),2024,5,140,"1,560","7,320"
북미,F,MF,D31(27),2024,6,1580,"17,390","80,330"
북미,F,MF,D31(27),2024,7,140,"1,450","6,580"
북미,F,MF,D31(27),2024,8,1530,"16,240","74,290"
북미,F,MF,D31(27),2024,9,950,"11,010","51,750"
북미,F,MF,D31(27),2024,10,1440,"15,080","71,670"
북미,F,MF,D31(27),2024,11,70,680,"3,120"
북미,F,MF,D31(27),2024,12,580,"5,460","24,950"
북미,F,MF,D31(27),2025,1,140,"1,360","6,240"
북미,F,MF,D31(27),2025,2,920,"11,450","53,540"
북미,F,MF,D31(27),2025,3,360,"3,790","18,260"
북미,F,MF,D31(27),2025,4,2700,"28,900","131,580"
북미,F,MF,D31(27),2025,5,1080,"11,860","53,900"
북미,F,MF,D31(27),2025,6,230,"2,930","13,440"
북미,F,MF,D31(27),2025,7,1310,"13,500","59,920"
북미,F,MF,D31(27),2025,8,500,"5,390","24,010"
북미,F,MF,D31(27),2025,9,1810,"19,890","89,170"
북미,F,MF,D31(27),2025,10,140,"1,790","8,160"
북미,F,MF,D31(27),2025,11,720,"8,420","38,090"
북미,F,MF,D31(27),2025,12,580,"5,460","23,140"
북미,F,MF,L3,2021,1,4250,"39,460","158,180"
북미,F,MF,L3,2021,2,9520,"91,390","398,490"
북미,F,MF,L3,2021,3,9830,"89,760","402,330"
북미,F,MF,L3,2021,4,4210,"39,680","176,870"
북미,F,MF,L3,2021,5,4900,"49,620","201,380"
북미,F,MF,L3,2021,6,7630,"73,260","332,960"
북미,F,MF,L3,2021,7,19460,"198,700","819,550"
북미,F,MF,L3,2021,8,4410,"48,610","180,200"
북미,F,MF,L3,2021,9,7250,"72,110","324,170"
북미,F,MF,L3,2021,10,6700,"67,220","298,970"
북미,F,MF,L3,2021,11,4790,"52,110","211,190"
북미,F,MF,L3,2021,12,4140,"42,580","198,750"
북미,F,MF,L3,2022,2,17150,"172,550","800,060"
북미,F,MF,L3,2022,3,10150,"105,630","467,630"
북미,F,MF,L3,2022,4,16810,"166,140","789,490"
북미,F,MF,L3,2022,5,2410,"21,960","112,040"
북미,F,MF,L3,2022,6,2810,"27,140","138,710"
북미,F,MF,L3,2022,7,9520,"94,340","459,970"
북미,F,MF,L3,2022,8,3020,"30,940","136,330"
북미,F,MF,L3,2022,9,2360,"23,300","104,550"
북미,F,MF,L3,2022,11,5220,"52,110","233,660"
북미,F,MF,L3,2022,12,6070,"56,810","264,480"
북미,F,MF,L3,2023,1,6320,"59,170","270,430"
북미,F,MF,L3,2023,2,11470,"112,370","430,990"
북미,F,MF,L3,2023,3,14580,"138,730","571,080"
북미,F,MF,L3,2023,4,12870,"126,020","557,830"
북미,F,MF,L3,2023,5,5710,"58,510","237,840"
북미,F,MF,L3,2023,6,28040,"292,140","1,120,300"
북미,F,MF,L3,2023,7,16470,"170,450","688,340"
북미,F,MF,L3,2023,8,15150,"151,530","614,410"
북미,F,MF,L3,2023,9,17050,"178,550","810,930"
북미,F,MF,L3,2023,10,18240,"190,330","822,880"
북미,F,MF,L3,2023,11,27140,"261,970","1,097,920"
북미,F,MF,L3,2023,12,15010,"154,280","620,230"
북미,F,MF,L3,2024,1,8570,"84,980","333,210"
북미,F,MF,L3,2024,2,4690,"46,160","208,390"
북미,F,MF,L3,2024,3,12710,"130,790","525,060"
북미,F,MF,L3,2024,4,16550,"166,630","744,120"
북미,F,MF,L3,2024,5,20620,"202,280","899,030"
북미,F,MF,L3,2024,6,22080,"213,770","854,550"
북미,F,MF,L3,2024,7,35140,"353,010","1,435,800"
북미,F,MF,L3,2024,8,24130,"247,890","1,041,740"
북미,F,MF,L3,2024,9,11830,"125,110","544,050"
북미,F,MF,L3,2024,10,8140,"87,350","393,270"
북미,F,MF,L3,2024,11,11680,"112,260","458,240"
북미,F,MF,L3,2024,12,23080,"230,250","891,460"
북미,F,MF,L3,2025,1,6330,"64,520","258,470"
북미,F,MF,L3,2025,2,26810,"253,850","970,690"
북미,F,MF,L3,2025,3,16810,"175,700","701,460"
북미,F,MF,L3,2025,4,25590,"257,630","1,028,520"
북미,F,MF,L3,2025,5,21230,"209,890","934,610"
북미,F,MF,L3,2025,6,20390,"204,910","810,440"
북미,F,MF,L3,2025,7,27010,"278,130","1,000,060"
북미,F,MF,L3,2025,8,17330,"175,470","640,660"
북미,F,MF,L3,2025,9,26130,"255,750","966,640"
북미,F,MF,L3,2025,10,4980,"46,380","165,480"
북미,F,MF,L3,2025,11,37610,"363,040","1,384,200"
북미,F,MF,L3,2025,12,3800,"36,160","186,790"
북미,F,MF,L4,2021,1,3560,"41,060","163,630"
북미,F,MF,L4,2021,2,4310,"47,980","206,880"
북미,F,MF,L4,2021,3,7040,"78,090","342,000"
북미,F,MF,L4,2021,4,4610,"53,200","218,180"
북미,F,MF,L4,2021,5,4470,"51,700","218,580"
북미,F,MF,L4,2021,6,8330,"94,600","431,660"
북미,F,MF,L4,2021,7,1230,"14,100","62,290"
북미,F,MF,L4,2021,8,4080,"49,750","196,650"
북미,F,MF,L4,2021,9,7850,"88,950","411,410"
북미,F,MF,L4,2021,10,4530,"51,980","235,370"
북미,F,MF,L4,2021,11,410,"4,800","21,820"
북미,F,MF,L4,2021,12,5750,"66,320","296,670"
북미,F,MF,L4,2022,1,120,"1,380","6,540"
북미,F,MF,L4,2022,2,11160,"129,980","602,290"
북미,F,MF,L4,2022,3,4710,"54,530","248,960"
북미,F,MF,L4,2022,4,13880,"157,010","765,140"
북미,F,MF,L4,2022,5,1640,"18,380","86,100"
북미,F,MF,L4,2022,6,4730,"53,730","261,240"
북미,F,MF,L4,2022,7,3420,"40,700","178,280"
북미,F,MF,L4,2022,8,360,"4,310","18,740"
북미,F,MF,L4,2022,9,980,"11,440","49,470"
북미,F,MF,L4,2022,11,2750,"32,910","138,570"
북미,F,MF,L4,2022,12,2910,"32,810","149,630"
북미,F,MF,L4,2023,1,1710,"19,210","87,560"
북미,F,MF,L4,2023,2,4860,"54,580","243,930"
북미,F,MF,L4,2023,3,8660,"100,900","423,970"
북미,F,MF,L4,2023,4,6590,"76,790","326,570"
북미,F,MF,L4,2023,5,9090,"109,120","436,920"
북미,F,MF,L4,2023,6,6480,"76,540","314,840"
북미,F,MF,L4,2023,7,8220,"102,290","432,660"
북미,F,MF,L4,2023,8,7550,"95,670","416,120"
북미,F,MF,L4,2023,9,6600,"79,700","315,550"
북미,F,MF,L4,2023,10,6410,"77,550","310,310"
북미,F,MF,L4,2023,11,18650,"216,670","942,530"
북미,F,MF,L4,2023,12,29370,"352,820","1,558,320"
북미,F,MF,L4,2024,1,1930,"22,460","98,150"
북미,F,MF,L4,2024,2,3180,"38,470","160,620"
북미,F,MF,L4,2024,3,5670,"67,840","275,000"
북미,F,MF,L4,2024,4,2380,"28,860","120,100"
북미,F,MF,L4,2024,5,1860,"20,990","97,220"
북미,F,MF,L4,2024,6,16120,"189,170","815,440"
북미,F,MF,L4,2024,7,10580,"123,350","537,890"
북미,F,MF,L4,2024,8,5380,"60,700","278,950"
북미,F,MF,L4,2024,9,6310,"73,060","319,930"
북미,F,MF,L4,2024,10,10070,"115,500","531,490"
북미,F,MF,L4,2024,11,6430,"77,540","333,460"
북미,F,MF,L4,2024,12,1590,"19,150","80,810"
북미,F,MF,L4,2025,1,3940,"47,600","200,450"
북미,F,MF,L4,2025,2,3200,"38,600","158,360"
북미,F,MF,L4,2025,3,6650,"78,120","342,390"
북미,F,MF,L4,2025,4,9590,"113,110","468,720"
북미,F,MF,L4,2025,5,14080,"163,800","759,250"
북미,F,MF,L4,2025,6,2870,"34,480","162,600"
북미,F,MF,L4,2025,7,8720,"105,290","398,850"
북미,F,MF,L4,2025,8,9930,"115,720","474,630"
북미,F,MF,L4,2025,9,13360,"155,720","635,100"
북미,F,MF,L4,2025,11,5550,"66,340","251,430"
북미,F,MF,L4,2025,12,4770,"57,590","213,460"
북미,F,MF,L5,2021,1,720,"8,410","32,240"
북미,F,MF,L5,2021,2,800,"9,600","40,460"
북미,F,MF,L5,2021,3,1310,"15,320","64,390"
북미,F,MF,L5,2021,4,690,"8,110","34,420"
북미,F,MF,L5,2021,5,990,"11,600","48,870"
북미,F,MF,L5,2021,6,1250,"14,500","64,810"
북미,F,MF,L5,2021,7,450,"5,750","26,070"
북미,F,MF,L5,2021,9,1490,"17,520","82,620"
북미,F,MF,L5,2021,10,1700,"19,840","93,160"
북미,F,MF,L5,2021,11,1760,"20,800","99,380"
북미,F,MF,L5,2021,12,710,"8,610","40,990"
북미,F,MF,L5,2022,2,780,"9,210","45,360"
북미,F,MF,L5,2022,3,540,"6,240","30,990"
북미,F,MF,L5,2022,4,260,"3,230","16,310"
북미,F,MF,L5,2022,5,240,"2,810","13,770"
북미,F,MF,L5,2022,6,1430,"17,120","87,070"
북미,F,MF,L5,2022,8,150,"1,720","8,010"
북미,F,MF,L5,2022,9,50,520,"2,330"
북미,F,MF,L5,2022,12,300,"3,490","15,830"
북미,F,MF,L5,2023,1,360,"4,190","19,000"
북미,F,MF,L5,2023,2,840,"9,710","43,200"
북미,F,MF,L5,2023,3,440,"5,070","23,060"
북미,F,MF,L5,2023,4,1260,"14,660","66,520"
북미,F,MF,L5,2023,5,450,"5,250","23,780"
북미,F,MF,L5,2023,6,510,"5,940","26,890"
북미,F,MF,L5,2023,7,180,"2,100","9,200"
북미,F,MF,L5,2023,8,900,"10,470","45,520"
북미,F,MF,L5,2023,9,1530,"17,990","81,240"
북미,F,MF,L5,2023,10,120,"1,400","6,230"
북미,F,MF,L5,2023,11,1500,"17,460","77,910"
북미,F,MF,L5,2023,12,180,"2,100","9,350"
북미,F,MF,L5,2024,1,110,"1,330","6,480"
북미,F,MF,L5,2024,3,640,"7,470","33,830"
북미,F,MF,L5,2024,4,1930,"22,510","102,340"
북미,F,MF,L5,2024,6,1350,"15,700","72,540"
북미,F,MF,L5,2024,7,120,"1,390","6,420"
북미,F,MF,L5,2024,8,1170,"13,530","61,990"
북미,F,MF,L5,2024,9,240,"2,790","13,020"
북미,F,MF,L5,2024,10,3640,"42,300","198,360"
북미,F,MF,L5,2025,5,800,"9,230","41,570"
북미,F,MF,L5,2025,7,440,"5,050","22,540"
북미,F,MF,L5,2025,8,180,"2,060","9,170"
북미,F,MF,L5,2025,9,1580,"18,390","81,610"
